product_id,product_name,link_to,img
2156,Incredible Cotton Towels,https://www.target.com/Incredible-Cotton-Towels/-/A-2156,http://lorempixel.com/640/480
2258,Awesome Metal Chicken,https://www.target.com/Awesome-Metal-Chicken/-/A-2258,http://lorempixel.com/640/480
2401,Generic Steel Tuna,https://www.target.com/Generic-Steel-Tuna/-/A-2401,http://lorempixel.com/640/480
2508,Sleek Frozen Pants,https://www.target.com/Sleek-Frozen-Pants/-/A-2508,http://lorempixel.com/640/480
2653,Fantastic Rubber Fish,https://www.target.com/Fantastic-Rubber-Fish/-/A-2653,http://lorempixel.com/640/480
2899,Awesome Wooden Salad,https://www.target.com/Awesome-Wooden-Salad/-/A-2899,http://lorempixel.com/640/480
3008,Generic Fresh Sausages,https://www.target.com/Generic-Fresh-Sausages/-/A-3008,http://lorempixel.com/640/480
3052,Practical Plastic Hat,https://www.target.com/Practical-Plastic-Hat/-/A-3052,http://lorempixel.com/640/480
3259,Sleek Cotton Car,https://www.target.com/Sleek-Cotton-Car/-/A-3259,http://lorempixel.com/640/480
3268,Ergonomic Plastic Sausages,https://www.target.com/Ergonomic-Plastic-Sausages/-/A-3268,http://lorempixel.com/640/480
3406,Generic Concrete Bike,https://www.target.com/Generic-Concrete-Bike/-/A-3406,http://lorempixel.com/640/480
3649,Refined Steel Computer,https://www.target.com/Refined-Steel-Computer/-/A-3649,http://lorempixel.com/640/480
3666,Generic Steel Tuna,https://www.target.com/Generic-Steel-Tuna/-/A-3666,http://lorempixel.com/640/480
3870,Practical Fresh Ball,https://www.target.com/Practical-Fresh-Ball/-/A-3870,http://lorempixel.com/640/480
3972,Handcrafted Soft Chicken,https://www.target.com/Handcrafted-Soft-Chicken/-/A-3972,http://lorempixel.com/640/480
4208,Rustic Granite Car,https://www.target.com/Rustic-Granite-Car/-/A-4208,http://lorempixel.com/640/480
4259,Small Concrete Hat,https://www.target.com/Small-Concrete-Hat/-/A-4259,http://lorempixel.com/640/480
4370,Practical Fresh Pants,https://www.target.com/Practical-Fresh-Pants/-/A-4370,http://lorempixel.com/640/480
4511,Generic Concrete Keyboard,https://www.target.com/Generic-Concrete-Keyboard/-/A-4511,http://lorempixel.com/640/480
4525,Handmade Rubber Shirt,https://www.target.com/Handmade-Rubber-Shirt/-/A-4525,http://lorempixel.com/640/480
4558,Handmade Soft Hat,https://www.target.com/Handmade-Soft-Hat/-/A-4558,http://lorempixel.com/640/480
4772,Refined Plastic Tuna,https://www.target.com/Refined-Plastic-Tuna/-/A-4772,http://lorempixel.com/640/480
4948,Handmade Plastic Bike,https://www.target.com/Handmade-Plastic-Bike/-/A-4948,http://lorempixel.com/640/480
5059,Fantastic Soft Cheese,https://www.target.com/Fantastic-Soft-Cheese/-/A-5059,http://lorempixel.com/640/480
5108,Intelligent Soft Hat,https://www.target.com/Intelligent-Soft-Hat/-/A-5108,http://lorempixel.com/640/480
5191,Refined Cotton Hat,https://www.target.com/Refined-Cotton-Hat/-/A-5191,http://lorempixel.com/640/480
5431,Rustic Plastic Gloves,https://www.target.com/Rustic-Plastic-Gloves/-/A-5431,http://lorempixel.com/640/480
5435,Small Steel Mouse,https://www.target.com/Small-Steel-Mouse/-/A-5435,http://lorempixel.com/640/480
5593,Practical Steel Chicken,https://www.target.com/Practical-Steel-Chicken/-/A-5593,http://lorempixel.com/640/480
5730,Generic Metal Shoes,https://www.target.com/Generic-Metal-Shoes/-/A-5730,http://lorempixel.com/640/480
5952,Rustic Steel Shoes,https://www.target.com/Rustic-Steel-Shoes/-/A-5952,http://lorempixel.com/640/480
6171,Refined Rubber Table,https://www.target.com/Refined-Rubber-Table/-/A-6171,http://lorempixel.com/640/480
6183,Unbranded Cotton Mouse,https://www.target.com/Unbranded-Cotton-Mouse/-/A-6183,http://lorempixel.com/640/480
6324,Sleek Concrete Gloves,https://www.target.com/Sleek-Concrete-Gloves/-/A-6324,http://lorempixel.com/640/480
6351,Licensed Fresh Salad,https://www.target.com/Licensed-Fresh-Salad/-/A-6351,http://lorempixel.com/640/480
6537,Tasty Soft Shoes,https://www.target.com/Tasty-Soft-Shoes/-/A-6537,http://lorempixel.com/640/480
6727,Licensed Granite Ball,https://www.target.com/Licensed-Granite-Ball/-/A-6727,http://lorempixel.com/640/480
6790,Handmade Granite Salad,https://www.target.com/Handmade-Granite-Salad/-/A-6790,http://lorempixel.com/640/480
6997,Small Wooden Towels,https://www.target.com/Small-Wooden-Towels/-/A-6997,http://lorempixel.com/640/480
7138,Incredible Metal Fish,https://www.target.com/Incredible-Metal-Fish/-/A-7138,http://lorempixel.com/640/480
7270,Rustic Fresh Bacon,https://www.target.com/Rustic-Fresh-Bacon/-/A-7270,http://lorempixel.com/640/480
7436,Intelligent Fresh Sausages,https://www.target.com/Intelligent-Fresh-Sausages/-/A-7436,http://lorempixel.com/640/480
7540,Handmade Plastic Salad,https://www.target.com/Handmade-Plastic-Salad/-/A-7540,http://lorempixel.com/640/480
7746,Unbranded Granite Chair,https://www.target.com/Unbranded-Granite-Chair/-/A-7746,http://lorempixel.com/640/480
7835,Ergonomic Rubber Keyboard,https://www.target.com/Ergonomic-Rubber-Keyboard/-/A-7835,http://lorempixel.com/640/480
8078,Generic Steel Towels,https://www.target.com/Generic-Steel-Towels/-/A-8078,http://lorempixel.com/640/480
8331,Ergonomic Metal Ball,https://www.target.com/Ergonomic-Metal-Ball/-/A-8331,http://lorempixel.com/640/480
8475,Intelligent Granite Chips,https://www.target.com/Intelligent-Granite-Chips/-/A-8475,http://lorempixel.com/640/480
8708,Handmade Frozen Chicken,https://www.target.com/Handmade-Frozen-Chicken/-/A-8708,http://lorempixel.com/640/480
8844,Gorgeous Frozen Chicken,https://www.target.com/Gorgeous-Frozen-Chicken/-/A-8844,http://lorempixel.com/640/480

